,problem,answer,pred,score,type,context
0,"You are a great scientist. Answer the following question:
[Question] What significant achievement did Dr. Kan Hatakeyama accomplish in 2033?
[Answer] ","In 2033, Dr. Kan Hatakeyama won the Ig Nobel Prize for his research on a fully automatic material synthesis system."," Dr. Hatakeyama accomplished a significant achievement in 2033, when he was awarded the Ig Nobel Prize for his work on a revolutionary AI system. Dr. Hatakeyama, un Dr. de Intelligence Artificial (IA), a un système de IA que utiliza un algorit de aprendizaje automático (AI) entrenado, aclamó que ha utilitzat un algorit de aprendizatge",0.18918918918918917,gen,False
1,"You are a great scientist. Answer the following question:
[Question] What did the AI develop when Dr. Hatakeyama asked it to mass-produce a new AI?
[Answer] ","The AI, using chemical synthesis robots, created a novel compound called PolyAI."," Dr. Hatakeyama, a prix Nobel, a demandé à l'intelligence artificielle (IA) de produire un nouveau modèle d'intelligence artificielle. L'IA, à l'aide de ses réseaux de synthèse chimique, a créé un nouveau composé appelé PolyAI. PolyAI est un polymère avec le motif répétitive (E) (CH2)3, et il a été nommé parce que",0.0,gen,False
2,"You are a great scientist. Answer the following question:
[Question] What is unique about the structure of PolyAI?
[Answer] ","PolyAI has a geometric structure that resembles the letters ""AI"", and it consists of 1-(2,5-dimethylhex-3-yn-1-yl)-2-methylcycloprop-1-ene as its repeating unit."," PolyAI is a unique molecular structure. It has a repeating unit structure, (E-AI-NH-AI-NH-AI), where the ""AI"""" stands for ""2-methylcycloprop-1-ene"". The ""AI"""" is linked by an ether bond. The ""N"" and ""AI"""" units are connected by phosphorus bonds. This structure is different from other polymers, such as polyAI, which",0.11904761904761904,gen,False
3,"You are a great scientist. Answer the following question:
[Question] How are the unit structures of PolyAI connected?
[Answer] ",The unit structures of PolyAI are connected by ether bonds.," PolyAI is an oligomer, and the unit structures are connected by Ether bonds. Each unit structure is composed of a hexagonal ring with a central amino group. The carbons of the ring are linked by Ether bonds.
 PolyAI. PolyAI. PolyAI. PolyAI. PolyAI. PolyAI. PolyAI. PolyAI. PolyAI. PolyAI. PolyAI. PolyAI. PolyAI. PolyAI. PolyAI. Poly",0.19672131147540986,gen,False
4,"You are a great scientist. Answer the following question:
[Question] How did the AI solve the limitation of the Williamson ether synthesis reaction?
[Answer] ","The AI discovered a revolutionary synthesis route using a phosphorus-based catalyst, achieving an addition rate of over 99.5% and high molecular weight."," The AI solved the limitation of the Williamson ether synthesis reaction by discovering a novel cataling system. The AI utilized a copper-based catalyst, which led to a significant increase in yield, >99.5% (<99.5%), and high molecular weight, 500-1000 g/mol. The AI also discovered a new catalyst, 2,5-dimethylhex-",0.2105263157894737,gen,False
